{"stats":{"minecraft:killed_by":{"jujutsucraft:sukuna_fushiguro":4,"jujutsucraft:cursed_spirit_grade_36":1},"minecraft:picked_up":{"minecraft:stone":1,"minecraft:dirt":3},"minecraft:mined":{"minecraft:grass":1,"minecraft:grass_block":1,"minecraft:dirt":2},"minecraft:custom":{"minecraft:time_since_rest":9419,"minecraft:crouch_one_cm":5,"minecraft:play_time":24291,"minecraft:sprint_one_cm":23808,"minecraft:walk_one_cm":17009,"minecraft:damage_taken":2607,"minecraft:deaths":6,"minecraft:sneak_time":12,"minecraft:walk_under_water_one_cm":222,"minecraft:mob_kills":1,"minecraft:damage_dealt_resisted":189,"minecraft:jump":148,"minecraft:damage_dealt":35,"minecraft:leave_game":1,"minecraft:time_since_death":3884,"minecraft:walk_on_water_one_cm":1239,"minecraft:total_world_time":24291,"minecraft:swim_one_cm":522,"minecraft:fall_one_cm":6552,"minecraft:fly_one_cm":47384},"minecraft:killed":{"jujutsucraft:cursed_spirit_grade_315":1}},"DataVersion":3465}