{"stats":{"minecraft:mined":{"minecraft:grass":1,"minecraft:grass_block":1,"minecraft:dirt":2,"minecraft:ice":1},"minecraft:custom":{"minecraft:time_since_rest":39332,"minecraft:damage_taken":3344,"minecraft:play_time":74197,"minecraft:crouch_one_cm":5,"minecraft:walk_one_cm":29878,"minecraft:sprint_one_cm":52377,"minecraft:deaths":7,"minecraft:sneak_time":87,"minecraft:walk_under_water_one_cm":4451,"minecraft:mob_kills":26,"minecraft:damage_dealt_resisted":2305,"minecraft:jump":358,"minecraft:damage_dealt":340,"minecraft:leave_game":6,"minecraft:time_since_death":17459,"minecraft:walk_on_water_one_cm":9452,"minecraft:total_world_time":74197,"minecraft:damage_resisted":184,"minecraft:swim_one_cm":21593,"minecraft:fly_one_cm":110853,"minecraft:fall_one_cm":14643},"minecraft:picked_up":{"minecraft:stone":1,"minecraft:salmon":2,"minecraft:cod":4,"minecraft:dirt":3},"minecraft:killed_by":{"jujutsucraft:cursed_spirit_grade_25":1,"jujutsucraft:sukuna_fushiguro":4,"jujutsucraft:cursed_spirit_grade_36":1},"minecraft:killed":{"jujutsucraft:cursed_spirit_grade_36":1,"jujutsucraft:cursed_spirit_grade_29":1,"minecraft:bat":6,"jujutsucraft:cursed_spirit_grade_33":1,"jujutsucraft:cursed_spirit_grade_314":1,"jujutsucraft:cursed_spirit_grade_315":1,"jujutsucraft:crow":3,"jujutsucraft:jujutsu_sorcerer":2,"minecraft:polar_bear":7,"minecraft:salmon":3}},"DataVersion":3465}